"http://www.abingtonma.gov",
"http://www.acton-ma.gov",
"http://www.acushnet.ma.us",
"http://town.adams.ma.us",
"http://www.agawam.ma.us",
"http://www.townofalford.org",
"http://www.amesburyma.gov",
"http://www.amherstma.gov",
"http://www.andoverma.gov",
"http://www.aquinnah-ma.gov",
"http://www.town.arlington.ma.us",
"http://www.ashburnham-ma.gov",
"http://www.ci.ashby.ma.us",
"http://www.ashfield.org",
"http://www.ashlandmass.com",
"http://www.athol-ma.gov",
"http://www.cityofattleboro.us",
"http://www.auburnguide.com",
"http://www.avon-ma.gov",
"http://www.ayer.ma.us",
"http://www.townofbarnstable.us",
"http://www.townofbarre.com",
"http://www.townofbecket.org",
"http://www.bedfordma.gov",
"http://www.belchertown.org",
"http://www.bellinghamma.org",
"http://www.belmont-ma.gov",
"http://www.townofberkleyma.com",
"http://www.townofberlin.com",
"http://www.townofbernardston.org",
"http://www.beverlyma.gov",
"http://www.town.billerica.ma.us",
"http://www.townofblackstone.org",
"http://www.townofblandford.com",
"http://www.townofbolton.com",
"https://www.boston.gov",
"http://www.townofbourne.com",
"http://www.boxborough-ma.gov",
"http://www.town.boxford.ma.us",
"http://www.boylston-ma.gov",
"http://www.townofbraintreegov.org",
"http://www.brewster-ma.gov",
"http://www.bridgewaterma.org",
"http://www.brimfieldma.org",
"http://www.ci.brockton.ma.us",
"http://www.brookfieldma.us",
"http://www.brooklinema.gov",
"http://town.buckland.ma.us",
"http://www.burlington.org",
"http://www.cambridgema.gov",
"http://www.town.canton.ma.us",
"http://www.carlislema.gov",
"http://www.carverma.gov",
"http://www.charlemont-ma.us",
"http://www.townofcharlton.net",
"http://www.chatham-ma.gov",
"http://www.townofchelmsford.us",
"http://www.chelseama.gov",
"http://cheshire-ma.net",
"http://www.townofchester.net",
"http://www.townofchesterfieldma.com",
"http://www.chicopeema.gov",
"http://www.chilmarkma.gov",
"http://www.clarksburgma.us",
"http://www.clintonma.gov",
"http://www.cohassetma.org",
"http://colrain-ma.gov",
"http://www.concordma.gov",
"http://www.townofconway.com",
"http://www.cummington-ma.gov",
"http://www.dalton-ma.gov",
"http://www.danversma.gov",
"http://www.town.dartmouth.ma.us",
"http://www.dedham-ma.gov",
"http://www.deerfieldma.us",
"http://www.town.dennis.ma.us",
"http://www.dighton-ma.gov",
"http://www.douglasma.org",
"http://www.doverma.org",
"http://www.dracutma.gov",
"http://www.dudleyma.gov",
"http://www.dunstable-ma.gov",
"http://www.town.duxbury.ma.us",
"http://www.eastbridgewaterma.org",
"http://www.eastbrookfieldma.us",
"http://www.eastlongmeadowma.gov",
"http://www.eastham-ma.gov",
"http://www.easthampton.org",
"http://www.easton.ma.us",
"http://www.edgartown-ma.us",
"http://www.egremont-ma.gov",
"http://www.erving-ma.org",
"http://essexma.org",
"http://www.cityofeverett.com",
"http://fairhaven-ma.gov",
"http://www.fallriverma.org",
"http://www.falmouthmass.us",
"http://www.fitchburgma.gov",
"http://www.foxboroughma.gov",
"http://www.framinghamma.gov",
"http://www.franklinma.gov",
"http://www.freetownma.gov",
"http://www.gardner-ma.gov",
"http://www.georgetownma.gov",
"http://www.gillmass.org",
"http://gloucester-ma.gov",
"http://www.goshen-ma.us",
"http://www.grafton-ma.gov",
"http://www.granby-ma.gov",
"http://www.townofgranville.net",
"http://www.townofgb.org",
"http://www.greenfield-ma.gov",
"http://www.townofgroton.org",
"http://www.grovelandma.com",
"http://www.hadleyma.org",
"http://www.town.halifax.ma.us",
"http://www.hamiltonma.gov",
"http://www.hampden.org",
"http://www.hanover-ma.gov",
"http://www.hanson-ma.gov",
"http://www.townofhardwick.com",
"http://www.harvard.ma.us",
"http://www.harwich-ma.gov",
"http://www.townofhatfield.org",
"http://www.ci.haverhill.ma.us",
"http://www.townofhawley.com",
"http://www.townofheath.org",
"http://www.hingham-ma.gov",
"http://www.hinsdalemass.com",
"http://www.holbrookma.gov",
"http://www.holdenma.gov",
"http://town.holland.ma.us",
"http://www.townofholliston.us",
"http://www.holyoke.org",
"http://www.hopedale-ma.gov",
"http://www.hopkintonma.gov",
"http://www.hubbardstonma.us",
"http://www.townofhudson.org",
"http://www.town.hull.ma.us",
"http://www.huntingtonma.us",
"http://www.ipswichma.gov",
"http://www.kingstonmass.org",
"http://www.lakevillema.org",
"http://www.ci.lancaster.ma.us",
"http://www.lanesborough-ma.gov",
"http://www.cityoflawrence.com",
"http://www.lee.ma.us",
"http://www.leicesterma.org",
"http://www.townoflenox.com",
"http://www.leominster-ma.gov",
"http://www.leverett.ma.us",
"http://www.lexingtonma.gov",
"http://www.townofleyden.com",
"http://www.lincolntown.org",
"http://www.littletonma.org",
"http://www.longmeadow.org",
"http://www.lowellma.gov",
"http://www.ludlow.ma.us",
"http://lunenburgma.gov",
"http://www.ci.lynn.ma.us",
"http://www.town.lynnfield.ma.us",
"http://www.cityofmalden.org",
"http://www.manchester.ma.us",
"http://www.mansfieldma.com",
"http://www.marblehead.org",
"http://www.marionma.gov",
"http://www.marlborough-ma.gov",
"http://www.townofmarshfield.org",
"http://www.mashpeema.gov",
"http://www.mattapoisett.net",
"http://www.townofmaynard-ma.gov",
"http://www.town.medfield.net",
"http://www.medfordma.org",
"http://www.townofmedway.org",
"http://www.cityofmelrose.org",
"http://www.mendonma.gov",
"http://www.merrimac01860.info",
"http://www.cityofmethuen.net",
"http://www.middleborough.com",
"http://middlefieldma.net",
"http://www.townofmiddleton.org",
"http://www.milford.ma.us",
"http://www.millbury-ma.org",
"http://www.millis.org",
"http://www.millvillema.org",
"http://www.townofmilton.org",
"http://www.monson-ma.gov",
"http://www.montague-ma.gov",
"http://www.montereyma.gov",
"http://www.montgomeryma.gov",
"http://townofmtwashington.com",
"http://www.nahant.org",
"http://www.nantucket-ma.gov",
"http://www.natickma.org",
"http://www.needhamma.gov",
"http://newashford-ma.us",
"http://www.newbedford-ma.gov",
"http://www.newbraintree.org",
"http://www.newmarlboroughma.gov",
"http://www.newsalem-massachusetts.org",
"http://www.townofnewbury.org",
"http://www.cityofnewburyport.com",
"http://www.newtonma.gov",
"http://www.virtualnorfolk.org",
"http://www.northadams-ma.gov",
"http://www.northandoverma.gov",
"http://www.nattleboro.com",
"http://www.northbrookfield.net",
"http://www.northreadingma.gov",
"http://www.northamptonma.gov",
"http://www.town.northborough.ma.us",
"http://www.northbridgemass.org",
"http://www.northfieldma.gov",
"http://www.nortonma.org",
"http://www.townofnorwell.net",
"http://www.norwoodma.gov",
"http://www.oakbluffsma.gov",
"http://www.oakham-ma.gov",
"http://townoforange.org",
"http://www.town.orleans.ma.us",
"http://www.townofotisma.com",
"http://www.town.oxford.ma.us",
"http://www.townofpalmer.com",
"http://www.townofpaxton.net",
"http://www.peabody-ma.gov",
"http://www.townofpelham.org",
"http://www.pembroke-ma.gov",
"http://www.town.pepperell.ma.us",
"http://www.townofpetersham.org",
"http://www.phillipston-ma.gov",
"http://www.cityofpittsfield.org",
"http://plainfield-ma.us",
"http://www.plainville.ma.us",
"http://www.plymouth-ma.gov",
"http://www.town.plympton.ma.us",
"http://town.princeton.ma.us",
"http://www.provincetown-ma.gov",
"http://www.quincyma.gov",
"http://www.randolph-ma.gov",
"http://www.town.raynham.ma.us",
"http://www.readingma.gov",
"http://www.town.rehoboth.ma.us",
"http://www.revere.org",
"http://www.richmondma.org",
"http://www.townofrochestermass.com",
"http://www.rockland-ma.gov",
"http://www.rockportma.gov",
"http://www.rowe-ma.gov",
"http://www.townofrowley.net",
"http://www.royalston-ma.gov",
"http://www.townofrussell.us",
"http://www.townofrutland.org",
"http://www.salem.com",
"http://www.salisburyma.gov",
"http://www.sandisfieldma.gov",
"http://www.sandwichmass.org",
"http://www.saugus-ma.gov",
"http://www.scituatema.gov",
"http://seekonk-ma.gov",
"http://www.townofsharon.net",
"http://www.sheffieldma.gov",
"http://www.townofshelburne.com",
"http://www.sherbornma.org",
"http://www.shirley-ma.gov",
"http://www.shrewsburyma.gov",
"http://www.shutesbury.org",
"http://www.townofsomerset.org",
"http://www.somervillema.gov",
"http://www.southhadley.org",
"http://townofsouthampton.org",
"http://www.southboroughtown.com",
"http://www.ci.southbridge.ma.us",
"http://www.southwickma.org",
"http://www.spencerma.gov",
"http://www.springfield-ma.gov",
"http://www.sterling-ma.gov",
"http://www.townofstockbridge.com",
"http://www.stoneham-ma.gov",
"http://www.stoughton.org",
"http://www.stow-ma.gov",
"http://www.town.sturbridge.ma.us",
"http://www.sudbury.ma.us",
"http://www.townofsunderland.us",
"http://www.suttonma.org",
"http://www.town.swampscott.ma.us",
"http://www.town.swansea.ma.us",
"http://www.taunton-ma.gov",
"http://www.templeton1.org",
"http://www.tewksbury-ma.gov",
"http://www.tisburyma.gov",
"http://www.tolland-ma.gov",
"http://www.topsfield-ma.gov",
"http://www.townsend.ma.us",
"http://www.truro-ma.gov",
"http://www.tyngsboroughma.gov",
"http://www.tyringham-ma.gov",
"http://www.uptonma.gov",
"http://www.uxbridge-ma.gov",
"http://www.wakefield.ma.us",
"http://www.townofwales.net",
"http://www.walpole-ma.gov",
"http://www.city.waltham.ma.us",
"http://www.townofware.com",
"http://www.wareham.ma.us",
"http://www.warren-ma.gov",
"http://www.warwickma.org",
"http://www.washington-ma.com",
"http://www.watertown-ma.gov",
"http://www.wayland.ma.us",
"http://www.webster-ma.gov",
"http://www.wellesleyma.gov",
"http://www.wellfleet-ma.gov",
"http://www.wendellmass.us",
"http://www.wenhamma.gov",
"http://www.westboylston-ma.gov",
"http://www.westbridgewaterma.org",
"http://www.wbrookfield.com",
"http://www.wnewbury.org",
"http://www.townofwestspringfield.org",
"http://www.weststockbridge-ma.gov",
"http://www.westtisbury-ma.gov",
"http://www.town.westborough.ma.us",
"http://www.cityofwestfield.org",
"http://www.westfordma.gov",
"http://www.westhampton-ma.com",
"http://www.westminster-ma.gov",
"http://www.weston.org",
"http://www.westport-ma.com",
"http://www.townhall.westwood.ma.us",
"http://www.weymouth.ma.us",
"http://www.whately.org",
"http://www.whitman-ma.gov",
"http://www.wilbraham-ma.gov",
"http://www.burgy.org",
"http://williamstownma.gov",
"http://www.wilmingtonma.gov",
"http://www.townofwinchendon.com",
"http://www.winchester.us",
"http://www.windsormass.com",
"http://www.town.winthrop.ma.us",
"http://www.cityofwoburn.com",
"http://www.worcesterma.gov",
"http://www.worthington-ma.us",
"http://www.wrentham.ma.us",
"http://www.yarmouth.ma.us"